https://www.redbook.com.au/cars/details/1969-alfa-romeo-1300-gt-junior-manual/SPOT-ITM-205627/,1969 Alfa Romeo 1300 GT Junior Manual,Alfa Romeo,1300,"2 Door Coupe
4 Cylinder, 1300 Litre
Manual, Rear Wheel Drive
Petrol
","$4,450*            ",GT Junior,105,Coupe,4,Manual,Petrol,1969
https://www.redbook.com.au/cars/details/1968-alfa-romeo-1300-gt-junior-manual/SPOT-ITM-205626/,1968 Alfa Romeo 1300 GT Junior Manual,Alfa Romeo,1300,"2 Door Coupe
4 Cylinder, 1300 Litre
Manual, Rear Wheel Drive
Petrol
","$4,450*            ",GT Junior,105,Coupe,4,Manual,Petrol,1968
https://www.redbook.com.au/cars/details/1970-alfa-romeo-1300-gt-junior-manual/SPOT-ITM-205628/,1970 Alfa Romeo 1300 GT Junior Manual,Alfa Romeo,1300,"2 Door Coupe
4 Cylinder, 1300 Litre
Manual, Rear Wheel Drive
Petrol
","$4,690*            ",GT Junior,105,Coupe,4,Manual,Petrol,1970
https://www.redbook.com.au/cars/details/1971-alfa-romeo-1300-gt-junior-manual/SPOT-ITM-205629/,1971 Alfa Romeo 1300 GT Junior Manual,Alfa Romeo,1300,"2 Door Coupe
4 Cylinder, 1300 Litre
Manual, Rear Wheel Drive
Petrol
","$4,850*            ",GT Junior,105,Coupe,4,Manual,Petrol,1971
https://www.redbook.com.au/cars/details/1972-alfa-romeo-1300-gt-junior-manual/SPOT-ITM-205630/,1972 Alfa Romeo 1300 GT Junior Manual,Alfa Romeo,1300,"2 Door Coupe
4 Cylinder, 1300 Litre
Manual, Rear Wheel Drive
Petrol
","$4,950*            ",GT Junior,105,Coupe,4,Manual,Petrol,1972
https://www.redbook.com.au/cars/details/1973-alfa-romeo-1300-gt-junior-manual/SPOT-ITM-205631/,1973 Alfa Romeo 1300 GT Junior Manual,Alfa Romeo,1300,"2 Door Coupe
4 Cylinder, 1300 Litre
Manual, Rear Wheel Drive
Petrol
","$5,450*            ",GT Junior,105,Coupe,4,Manual,Petrol,1973
https://www.redbook.com.au/cars/details/2008-alfa-romeo-147-ducati-corse-manual-my05/SPOT-ITM-205698/,2008 Alfa Romeo 147 Ducati Corse Manual MY05,Alfa Romeo,147,"3 Door Hatch
4 Cylinder, 1.9 Litre
Manual, Front Wheel Drive
Diesel
5.9 L/100km


","$41,098*            ",Ducati Corse,Series 3,Hatchback,5,Manual,Diesel,2008
https://www.redbook.com.au/cars/details/2004-alfa-romeo-147-gta-manual/SPOT-ITM-205651/,2004 Alfa Romeo 147 GTA Manual,Alfa Romeo,147,"3 Door Hatch
6 Cylinder, 3.2 Litre
Manual, Front Wheel Drive
Petrol - Premium ULP
12.1 L/100km

","$59,990*            ",GTA,Series 1,Hatchback,5,Manual,Petrol - Premium ULP,2004
https://www.redbook.com.au/cars/details/2005-alfa-romeo-147-gta-manual/SPOT-ITM-205661/,2005 Alfa Romeo 147 GTA Manual,Alfa Romeo,147,"3 Door Hatch
6 Cylinder, 3.2 Litre
Manual, Front Wheel Drive
Petrol - Premium ULP
12.1 L/100km

","$59,990*            ",GTA,Series 1,Hatchback,5,Manual,Petrol - Premium ULP,2005
https://www.redbook.com.au/cars/details/2003-alfa-romeo-147-gta-manual/SPOT-ITM-205644/,2003 Alfa Romeo 147 GTA Manual,Alfa Romeo,147,"3 Door Hatch
6 Cylinder, 3.2 Litre
Manual, Front Wheel Drive
Petrol - Premium ULP
12.1 L/100km
","$59,990*            ",GTA,Series 1,Hatchback,5,Manual,Petrol - Premium ULP,2003
https://www.redbook.com.au/cars/details/2006-alfa-romeo-147-gta-manual/SPOT-ITM-205677/,2006 Alfa Romeo 147 GTA Manual,Alfa Romeo,147,"3 Door Hatch
6 Cylinder, 3.2 Litre
Manual, Front Wheel Drive
Petrol - Premium ULP
12.1 L/100km

","$59,990*            ",GTA,Series 3,Hatchback,5,Manual,Petrol - Premium ULP,2006
https://www.redbook.com.au/cars/details/2005-alfa-romeo-147-gta-monza-manual/SPOT-ITM-205663/,2005 Alfa Romeo 147 GTA Monza Manual,Alfa Romeo,147,"3 Door Hatch
6 Cylinder, 3.2 Litre
Manual, Front Wheel Drive
Petrol - Premium ULP
12.1 L/100km

","$59,990*            ",GTA Monza,Series 3,Hatchback,5,Manual,Petrol - Premium ULP,2005
https://www.redbook.com.au/cars/details/2005-alfa-romeo-147-gta-monza-auto/SPOT-ITM-205664/,2005 Alfa Romeo 147 GTA Monza Auto,Alfa Romeo,147,"3 Door Hatch
6 Cylinder, 3.2 Litre
Seq. Manual Auto-Single Clutch, Front Wheel Drive
Petrol - Premium ULP
12.1 L/100km

","$63,990*            ",GTA Monza,Series 3,Hatchback,5,Seq. Manual Auto-Single Clutch,Petrol - Premium ULP,2005
https://www.redbook.com.au/cars/details/2006-alfa-romeo-147-gta-selespeed-auto/SPOT-ITM-205678/,2006 Alfa Romeo 147 GTA Selespeed Auto,Alfa Romeo,147,"3 Door Hatch
6 Cylinder, 3.2 Litre
Seq. Manual Auto-Single Clutch, Front Wheel Drive
Petrol - Premium ULP
12.1 L/100km

","$63,990*            ",GTA Selespeed,Series 1,Hatchback,5,Seq. Manual Auto-Single Clutch,Petrol - Premium ULP,2006
https://www.redbook.com.au/cars/details/2005-alfa-romeo-147-gta-selespeed-auto/SPOT-ITM-205662/,2005 Alfa Romeo 147 GTA Selespeed Auto,Alfa Romeo,147,"3 Door Hatch
6 Cylinder, 3.2 Litre
Seq. Manual Auto-Single Clutch, Front Wheel Drive
Petrol - Premium ULP
12.1 L/100km

","$63,990*            ",GTA Selespeed,Series 3,Hatchback,5,Seq. Manual Auto-Single Clutch,Petrol - Premium ULP,2005
https://www.redbook.com.au/cars/details/2004-alfa-romeo-147-gta-selespeed-auto/SPOT-ITM-205654/,2004 Alfa Romeo 147 GTA Selespeed Auto,Alfa Romeo,147,"3 Door Hatch
6 Cylinder, 3.2 Litre
Seq. Manual Auto-Single Clutch, Front Wheel Drive
Petrol - Premium ULP
12.1 L/100km

","$63,990*            ",GTA Selespeed,Series 3,Hatchback,5,Seq. Manual Auto-Single Clutch,Petrol - Premium ULP,2004
https://www.redbook.com.au/cars/details/2010-alfa-romeo-147-jtd-m-jet-manual-my09/SPOT-ITM-205709/,2010 Alfa Romeo 147 JTD M-JET Manual MY09,Alfa Romeo,147,"5 Door Hatch
4 Cylinder, 1.9 Litre
Manual, Front Wheel Drive
Diesel
5.9 L/100km


","$39,990*            ",JTD M-JET,(No Series),Hatchback,5,Manual,Diesel,2010
https://www.redbook.com.au/cars/details/2009-alfa-romeo-147-jtd-m-jet-manual-my09/SPOT-ITM-205706/,2009 Alfa Romeo 147 JTD M-JET Manual MY09,Alfa Romeo,147,"5 Door Hatch
4 Cylinder, 1.9 Litre
Manual, Front Wheel Drive
Diesel
5.9 L/100km


","$39,990*            ",JTD M-JET,(No Series),Hatchback,5,Manual,Diesel,2009
https://www.redbook.com.au/cars/details/2005-alfa-romeo-147-jtd-m-jet-manual-my05/SPOT-ITM-205669/,2005 Alfa Romeo 147 JTD M-JET Manual MY05,Alfa Romeo,147,"5 Door Hatch
4 Cylinder, 1.9 Litre
Manual, Front Wheel Drive
Diesel
5.9 L/100km

","$39,990*            ",JTD M-JET,Series 4,Hatchback,5,Manual,Diesel,2005
https://www.redbook.com.au/cars/details/2007-alfa-romeo-147-jtd-m-jet-manual-my05/SPOT-ITM-205685/,2007 Alfa Romeo 147 JTD M-JET Manual MY05,Alfa Romeo,147,"5 Door Hatch
4 Cylinder, 1.9 Litre
Manual, Front Wheel Drive
Diesel
5.9 L/100km


","$39,990*            ",JTD M-JET,Series 4,Hatchback,5,Manual,Diesel,2007
https://www.redbook.com.au/cars/details/2008-alfa-romeo-147-jtd-m-jet-manual-my05/SPOT-ITM-205692/,2008 Alfa Romeo 147 JTD M-JET Manual MY05,Alfa Romeo,147,"5 Door Hatch
4 Cylinder, 1.9 Litre
Manual, Front Wheel Drive
Diesel
5.9 L/100km


","$39,990*            ",JTD M-JET,Series 4,Hatchback,5,Manual,Diesel,2008
https://www.redbook.com.au/cars/details/2006-alfa-romeo-147-jtd-m-jet-manual-my05/SPOT-ITM-205674/,2006 Alfa Romeo 147 JTD M-JET Manual MY05,Alfa Romeo,147,"5 Door Hatch
4 Cylinder, 1.9 Litre
Manual, Front Wheel Drive
Diesel
5.9 L/100km

","$39,990*            ",JTD M-JET,Series 4,Hatchback,5,Manual,Diesel,2006
https://www.redbook.com.au/cars/details/2008-alfa-romeo-147-jtd-monza-manual-my05/SPOT-ITM-205697/,2008 Alfa Romeo 147 JTD Monza Manual MY05,Alfa Romeo,147,"5 Door Hatch
4 Cylinder, 1.9 Litre
Manual, Front Wheel Drive
Diesel
5.9 L/100km


","$41,990*            ",JTD Monza,Series 3,Hatchback,5,Manual,Diesel,2008
https://www.redbook.com.au/cars/details/2009-alfa-romeo-147-jtd-monza-manual-my05/SPOT-ITM-205703/,2009 Alfa Romeo 147 JTD Monza Manual MY05,Alfa Romeo,147,"5 Door Hatch
4 Cylinder, 1.9 Litre
Manual, Front Wheel Drive
Diesel
5.9 L/100km


","$42,990*            ",JTD Monza,Series 3,Hatchback,5,Manual,Diesel,2009
https://www.redbook.com.au/cars/details/2010-alfa-romeo-147-selespeed-auto-my09/SPOT-ITM-205708/,2010 Alfa Romeo 147 Selespeed Auto MY09,Alfa Romeo,147,"5 Door Hatch
4 Cylinder, 2.0 Litre
Seq. Manual Auto-Single Clutch, Front Wheel Drive
Petrol - Premium ULP
8.9 L/100km


","$38,990*            ",Selespeed,(No Series),Hatchback,5,Seq. Manual Auto-Single Clutch,Petrol - Premium ULP,2010
https://www.redbook.com.au/cars/details/2009-alfa-romeo-147-selespeed-auto-my09/SPOT-ITM-205705/,2009 Alfa Romeo 147 Selespeed Auto MY09,Alfa Romeo,147,"5 Door Hatch
4 Cylinder, 2.0 Litre
Seq. Manual Auto-Single Clutch, Front Wheel Drive
Petrol - Premium ULP
8.9 L/100km


","$38,990*            ",Selespeed,(No Series),Hatchback,5,Seq. Manual Auto-Single Clutch,Petrol - Premium ULP,2009
https://www.redbook.com.au/cars/details/2005-alfa-romeo-147-selespeed-auto-my05/SPOT-ITM-205666/,2005 Alfa Romeo 147 Selespeed Auto MY05,Alfa Romeo,147,"3 Door Hatch
4 Cylinder, 2.0 Litre
Seq. Manual Auto-Single Clutch, Front Wheel Drive
Petrol - Premium ULP
8.9 L/100km

","$38,990*            ",Selespeed,Series 3,Hatchback,5,Seq. Manual Auto-Single Clutch,Petrol - Premium ULP,2005
https://www.redbook.com.au/cars/details/2006-alfa-romeo-147-selespeed-auto-my05/SPOT-ITM-205671/,2006 Alfa Romeo 147 Selespeed Auto MY05,Alfa Romeo,147,"3 Door Hatch
4 Cylinder, 2.0 Litre
Seq. Manual Auto-Single Clutch, Front Wheel Drive
Petrol - Premium ULP
8.9 L/100km

","$38,990*            ",Selespeed,Series 3,Hatchback,5,Seq. Manual Auto-Single Clutch,Petrol - Premium ULP,2006
https://www.redbook.com.au/cars/details/2008-alfa-romeo-147-selespeed-auto-my05/SPOT-ITM-205691/,2008 Alfa Romeo 147 Selespeed Auto MY05,Alfa Romeo,147,"5 Door Hatch
4 Cylinder, 2.0 Litre
Seq. Manual Auto-Single Clutch, Front Wheel Drive
Petrol - Premium ULP
8.9 L/100km


","$40,490*            ",Selespeed,Series 3,Hatchback,5,Seq. Manual Auto-Single Clutch,Petrol - Premium ULP,2008
https://www.redbook.com.au/cars/details/2007-alfa-romeo-147-selespeed-auto-my05/SPOT-ITM-205684/,2007 Alfa Romeo 147 Selespeed Auto MY05,Alfa Romeo,147,"5 Door Hatch
4 Cylinder, 2.0 Litre
Seq. Manual Auto-Single Clutch, Front Wheel Drive
Petrol - Premium ULP
8.9 L/100km


","$40,490*            ",Selespeed,Series 3,Hatchback,5,Seq. Manual Auto-Single Clutch,Petrol - Premium ULP,2007
https://www.redbook.com.au/cars/details/2008-alfa-romeo-147-selespeed-auto-my05/SPOT-ITM-205687/,2008 Alfa Romeo 147 Selespeed Auto MY05,Alfa Romeo,147,"3 Door Hatch
4 Cylinder, 2.0 Litre
Seq. Manual Auto-Single Clutch, Front Wheel Drive
Petrol - Premium ULP
8.9 L/100km


","$38,990*            ",Selespeed,Series 4,Hatchback,5,Seq. Manual Auto-Single Clutch,Petrol - Premium ULP,2008
https://www.redbook.com.au/cars/details/2007-alfa-romeo-147-selespeed-auto-my05/SPOT-ITM-205680/,2007 Alfa Romeo 147 Selespeed Auto MY05,Alfa Romeo,147,"3 Door Hatch
4 Cylinder, 2.0 Litre
Seq. Manual Auto-Single Clutch, Front Wheel Drive
Petrol - Premium ULP
8.9 L/100km


","$38,990*            ",Selespeed,Series 4,Hatchback,5,Seq. Manual Auto-Single Clutch,Petrol - Premium ULP,2007
https://www.redbook.com.au/cars/details/2005-alfa-romeo-147-selespeed-auto-my05/SPOT-ITM-205668/,2005 Alfa Romeo 147 Selespeed Auto MY05,Alfa Romeo,147,"5 Door Hatch
4 Cylinder, 2.0 Litre
Seq. Manual Auto-Single Clutch, Front Wheel Drive
Petrol - Premium ULP
8.9 L/100km

","$40,490*            ",Selespeed,Series 4,Hatchback,5,Seq. Manual Auto-Single Clutch,Petrol - Premium ULP,2005
https://www.redbook.com.au/cars/details/2006-alfa-romeo-147-selespeed-auto-my05/SPOT-ITM-205673/,2006 Alfa Romeo 147 Selespeed Auto MY05,Alfa Romeo,147,"5 Door Hatch
4 Cylinder, 2.0 Litre
Seq. Manual Auto-Single Clutch, Front Wheel Drive
Petrol - Premium ULP
8.9 L/100km

","$40,490*            ",Selespeed,Series 4,Hatchback,5,Seq. Manual Auto-Single Clutch,Petrol - Premium ULP,2006
https://www.redbook.com.au/cars/details/2008-alfa-romeo-147-selespeed-monza-auto-my05/SPOT-ITM-205694/,2008 Alfa Romeo 147 Selespeed Monza Auto MY05,Alfa Romeo,147,"3 Door Hatch
4 Cylinder, 2.0 Litre
Seq. Manual Auto-Single Clutch, Front Wheel Drive
Petrol - Premium ULP
8.9 L/100km

","$38,990*            ",Selespeed Monza,Series 3,Hatchback,5,Seq. Manual Auto-Single Clutch,Petrol - Premium ULP,2008
https://www.redbook.com.au/cars/details/2009-alfa-romeo-147-selespeed-monza-auto-my05/SPOT-ITM-205700/,2009 Alfa Romeo 147 Selespeed Monza Auto MY05,Alfa Romeo,147,"3 Door Hatch
4 Cylinder, 2.0 Litre
Seq. Manual Auto-Single Clutch, Front Wheel Drive
Petrol - Premium ULP
8.9 L/100km

","$39,990*            ",Selespeed Monza,Series 3,Hatchback,5,Seq. Manual Auto-Single Clutch,Petrol - Premium ULP,2009
https://www.redbook.com.au/cars/details/2008-alfa-romeo-147-selespeed-monza-auto-my05/SPOT-ITM-205696/,2008 Alfa Romeo 147 Selespeed Monza Auto MY05,Alfa Romeo,147,"5 Door Hatch
4 Cylinder, 2.0 Litre
Seq. Manual Auto-Single Clutch, Front Wheel Drive
Petrol - Premium ULP
8.9 L/100km

","$40,990*            ",Selespeed Monza,Series 3,Hatchback,5,Seq. Manual Auto-Single Clutch,Petrol - Premium ULP,2008
https://www.redbook.com.au/cars/details/2009-alfa-romeo-147-selespeed-monza-auto-my05/SPOT-ITM-205702/,2009 Alfa Romeo 147 Selespeed Monza Auto MY05,Alfa Romeo,147,"5 Door Hatch
4 Cylinder, 2.0 Litre
Seq. Manual Auto-Single Clutch, Front Wheel Drive
Petrol - Premium ULP
8.9 L/100km

","$41,990*            ",Selespeed Monza,Series 3,Hatchback,5,Seq. Manual Auto-Single Clutch,Petrol - Premium ULP,2009
https://www.redbook.com.au/cars/details/2005-alfa-romeo-147-selespeed-ti-auto/SPOT-ITM-205658/,2005 Alfa Romeo 147 Selespeed Ti Auto,Alfa Romeo,147,"3 Door Hatch
4 Cylinder, 2.0 Litre
Seq. Manual Auto-Single Clutch, Front Wheel Drive
Petrol - Premium ULP
8.9 L/100km


","$42,990*            ",Selespeed Ti,(No Series),Hatchback,5,Seq. Manual Auto-Single Clutch,Petrol - Premium ULP,2005
https://www.redbook.com.au/cars/details/2004-alfa-romeo-147-selespeed-ti-auto/SPOT-ITM-205653/,2004 Alfa Romeo 147 Selespeed Ti Auto,Alfa Romeo,147,"3 Door Hatch
4 Cylinder, 2.0 Litre
Seq. Manual Auto-Single Clutch, Front Wheel Drive
Petrol - Premium ULP
8.9 L/100km


","$42,990*            ",Selespeed Ti,(No Series),Hatchback,5,Seq. Manual Auto-Single Clutch,Petrol - Premium ULP,2004
https://www.redbook.com.au/cars/details/2003-alfa-romeo-147-selespeed-ti-auto/SPOT-ITM-205646/,2003 Alfa Romeo 147 Selespeed Ti Auto,Alfa Romeo,147,"3 Door Hatch
4 Cylinder, 2.0 Litre
Seq. Manual Auto-Single Clutch, Front Wheel Drive
Petrol - Premium ULP
8.9 L/100km

","$42,990*            ",Selespeed Ti,(No Series),Hatchback,5,Seq. Manual Auto-Single Clutch,Petrol - Premium ULP,2003
https://www.redbook.com.au/cars/details/2003-alfa-romeo-147-selespeed-twin-spark-auto-my02/SPOT-ITM-205641/,2003 Alfa Romeo 147 Selespeed Twin Spark Auto MY02,Alfa Romeo,147,"3 Door Hatch
4 Cylinder, 2.0 Litre
Seq. Manual Auto-Single Clutch, Front Wheel Drive
Petrol - Premium ULP
8.9 L/100km

","$41,500*            ",Selespeed Twin Spark,Series 1,Hatchback,5,Seq. Manual Auto-Single Clutch,Petrol - Premium ULP,2003
https://www.redbook.com.au/cars/details/2001-alfa-romeo-147-selespeed-twin-spark-auto-my02/SPOT-ITM-205635/,2001 Alfa Romeo 147 Selespeed Twin Spark Auto MY02,Alfa Romeo,147,"3 Door Hatch
4 Cylinder, 2.0 Litre
Seq. Manual Auto-Single Clutch, Front Wheel Drive
Petrol - Premium ULP
8.9 L/100km

","$41,500*            ",Selespeed Twin Spark,Series 1,Hatchback,5,Seq. Manual Auto-Single Clutch,Petrol - Premium ULP,2001
https://www.redbook.com.au/cars/details/2002-alfa-romeo-147-selespeed-twin-spark-auto-my02/SPOT-ITM-205638/,2002 Alfa Romeo 147 Selespeed Twin Spark Auto MY02,Alfa Romeo,147,"3 Door Hatch
4 Cylinder, 2.0 Litre
Seq. Manual Auto-Single Clutch, Front Wheel Drive
Petrol - Premium ULP
8.9 L/100km

","$41,500*            ",Selespeed Twin Spark,Series 1,Hatchback,5,Seq. Manual Auto-Single Clutch,Petrol - Premium ULP,2002
https://www.redbook.com.au/cars/details/2005-alfa-romeo-147-selespeed-twin-spark-auto-my02/SPOT-ITM-205656/,2005 Alfa Romeo 147 Selespeed Twin Spark Auto MY02,Alfa Romeo,147,"3 Door Hatch
4 Cylinder, 2.0 Litre
Seq. Manual Auto-Single Clutch, Front Wheel Drive
Petrol - Premium ULP
8.9 L/100km


","$41,500*            ",Selespeed Twin Spark,Series 3,Hatchback,5,Seq. Manual Auto-Single Clutch,Petrol - Premium ULP,2005
https://www.redbook.com.au/cars/details/2004-alfa-romeo-147-selespeed-twin-spark-auto-my02/SPOT-ITM-205648/,2004 Alfa Romeo 147 Selespeed Twin Spark Auto MY02,Alfa Romeo,147,"3 Door Hatch
4 Cylinder, 2.0 Litre
Seq. Manual Auto-Single Clutch, Front Wheel Drive
Petrol - Premium ULP
8.9 L/100km

","$41,500*            ",Selespeed Twin Spark,Series 3,Hatchback,5,Seq. Manual Auto-Single Clutch,Petrol - Premium ULP,2004
https://www.redbook.com.au/cars/details/2002-alfa-romeo-147-selespeed-twin-spark-auto-my02/SPOT-ITM-205636/,2002 Alfa Romeo 147 Selespeed Twin Spark Auto MY02,Alfa Romeo,147,"5 Door Hatch
4 Cylinder, 2.0 Litre
Seq. Manual Auto-Single Clutch, Front Wheel Drive
Petrol - Premium ULP
8.9 L/100km

","$41,500*            ",Selespeed Twin Spark,Series 3,Hatchback,5,Seq. Manual Auto-Single Clutch,Petrol - Premium ULP,2002
https://www.redbook.com.au/cars/details/2001-alfa-romeo-147-selespeed-twin-spark-auto-my02/SPOT-ITM-205633/,2001 Alfa Romeo 147 Selespeed Twin Spark Auto MY02,Alfa Romeo,147,"5 Door Hatch
4 Cylinder, 2.0 Litre
Seq. Manual Auto-Single Clutch, Front Wheel Drive
Petrol - Premium ULP
8.9 L/100km

","$41,500*            ",Selespeed Twin Spark,Series 3,Hatchback,5,Seq. Manual Auto-Single Clutch,Petrol - Premium ULP,2001
https://www.redbook.com.au/cars/details/2003-alfa-romeo-147-selespeed-twin-spark-auto-my02/SPOT-ITM-205643/,2003 Alfa Romeo 147 Selespeed Twin Spark Auto MY02,Alfa Romeo,147,"5 Door Hatch
4 Cylinder, 2.0 Litre
Seq. Manual Auto-Single Clutch, Front Wheel Drive
Petrol - Premium ULP
8.9 L/100km

","$42,500*            ",Selespeed Twin Spark,Series 3,Hatchback,5,Seq. Manual Auto-Single Clutch,Petrol - Premium ULP,2003
https://www.redbook.com.au/cars/details/2005-alfa-romeo-147-selespeed-twin-spark-auto-my02/SPOT-ITM-205660/,2005 Alfa Romeo 147 Selespeed Twin Spark Auto MY02,Alfa Romeo,147,"5 Door Hatch
4 Cylinder, 2.0 Litre
Seq. Manual Auto-Single Clutch, Front Wheel Drive
Petrol - Premium ULP
8.9 L/100km


","$42,500*            ",Selespeed Twin Spark,Series 3,Hatchback,5,Seq. Manual Auto-Single Clutch,Petrol - Premium ULP,2005
https://www.redbook.com.au/cars/details/2004-alfa-romeo-147-selespeed-twin-spark-auto-my02/SPOT-ITM-205650/,2004 Alfa Romeo 147 Selespeed Twin Spark Auto MY02,Alfa Romeo,147,"5 Door Hatch
4 Cylinder, 2.0 Litre
Seq. Manual Auto-Single Clutch, Front Wheel Drive
Petrol - Premium ULP
8.9 L/100km


","$42,500*            ",Selespeed Twin Spark,Series 3,Hatchback,5,Seq. Manual Auto-Single Clutch,Petrol - Premium ULP,2004
https://www.redbook.com.au/cars/details/2003-alfa-romeo-147-ti-manual/SPOT-ITM-205645/,2003 Alfa Romeo 147 Ti Manual,Alfa Romeo,147,"3 Door Hatch
4 Cylinder, 2.0 Litre
Manual, Front Wheel Drive
Petrol - Premium ULP
","$39,990*            ",Ti,(No Series),Hatchback,5,Manual,Petrol - Premium ULP,2003
https://www.redbook.com.au/cars/details/2005-alfa-romeo-147-ti-manual/SPOT-ITM-205657/,2005 Alfa Romeo 147 Ti Manual,Alfa Romeo,147,"3 Door Hatch
4 Cylinder, 2.0 Litre
Manual, Front Wheel Drive
Petrol - Premium ULP
8.9 L/100km


","$39,990*            ",Ti,(No Series),Hatchback,5,Manual,Petrol - Premium ULP,2005
https://www.redbook.com.au/cars/details/2004-alfa-romeo-147-ti-manual/SPOT-ITM-205652/,2004 Alfa Romeo 147 Ti Manual,Alfa Romeo,147,"3 Door Hatch
4 Cylinder, 2.0 Litre
Manual, Front Wheel Drive
Petrol - Premium ULP
8.9 L/100km

","$39,990*            ",Ti,(No Series),Hatchback,5,Manual,Petrol - Premium ULP,2004
https://www.redbook.com.au/cars/details/2007-alfa-romeo-147-ti-manual-my05/SPOT-ITM-205681/,2007 Alfa Romeo 147 Ti Manual MY05,Alfa Romeo,147,"3 Door Hatch
4 Cylinder, 2.0 Litre
Manual, Front Wheel Drive
Petrol - Premium ULP
8.9 L/100km


","$39,990*            ",Ti,Series 3,Hatchback,5,Manual,Petrol - Premium ULP,2007
https://www.redbook.com.au/cars/details/2006-alfa-romeo-147-ti-manual-my05/SPOT-ITM-205675/,2006 Alfa Romeo 147 Ti Manual MY05,Alfa Romeo,147,"3 Door Hatch
4 Cylinder, 2.0 Litre
Manual, Front Wheel Drive
Petrol - Premium ULP
8.9 L/100km

","$39,990*            ",Ti,Series 3,Hatchback,5,Manual,Petrol - Premium ULP,2006
https://www.redbook.com.au/cars/details/2008-alfa-romeo-147-ti-manual-my05/SPOT-ITM-205688/,2008 Alfa Romeo 147 Ti Manual MY05,Alfa Romeo,147,"3 Door Hatch
4 Cylinder, 2.0 Litre
Manual, Front Wheel Drive
Petrol - Premium ULP
8.9 L/100km


","$39,990*            ",Ti,Series 4,Hatchback,5,Manual,Petrol - Premium ULP,2008
https://www.redbook.com.au/cars/details/2006-alfa-romeo-147-ti-selespeed-auto-my05/SPOT-ITM-205676/,2006 Alfa Romeo 147 Ti Selespeed Auto MY05,Alfa Romeo,147,"3 Door Hatch
4 Cylinder, 2.0 Litre
Seq. Manual Auto-Single Clutch, Front Wheel Drive
Petrol - Premium ULP
8.9 L/100km

","$42,990*            ",Ti Selespeed,Series 4,Hatchback,5,Seq. Manual Auto-Single Clutch,Petrol - Premium ULP,2006
https://www.redbook.com.au/cars/details/2007-alfa-romeo-147-ti-selespeed-auto-my05/SPOT-ITM-205682/,2007 Alfa Romeo 147 Ti Selespeed Auto MY05,Alfa Romeo,147,"3 Door Hatch
4 Cylinder, 2.0 Litre
Seq. Manual Auto-Single Clutch, Front Wheel Drive
Petrol - Premium ULP
8.9 L/100km


","$42,990*            ",Ti Selespeed,Series 4,Hatchback,5,Seq. Manual Auto-Single Clutch,Petrol - Premium ULP,2007
https://www.redbook.com.au/cars/details/2008-alfa-romeo-147-ti-selespeed-auto-my05/SPOT-ITM-205689/,2008 Alfa Romeo 147 Ti Selespeed Auto MY05,Alfa Romeo,147,"3 Door Hatch
4 Cylinder, 2.0 Litre
Seq. Manual Auto-Single Clutch, Front Wheel Drive
Petrol - Premium ULP
8.9 L/100km


","$42,990*            ",Ti Selespeed,Series 4,Hatchback,5,Seq. Manual Auto-Single Clutch,Petrol - Premium ULP,2008
https://www.redbook.com.au/cars/details/2009-alfa-romeo-147-twin-spark-manual-my09/SPOT-ITM-205704/,2009 Alfa Romeo 147 Twin Spark Manual MY09,Alfa Romeo,147,"5 Door Hatch
4 Cylinder, 2.0 Litre
Manual, Front Wheel Drive
Petrol - Premium ULP
8.9 L/100km


","$36,990*            ",Twin Spark,(No Series),Hatchback,5,Manual,Petrol - Premium ULP,2009
https://www.redbook.com.au/cars/details/2010-alfa-romeo-147-twin-spark-manual-my09/SPOT-ITM-205707/,2010 Alfa Romeo 147 Twin Spark Manual MY09,Alfa Romeo,147,"5 Door Hatch
4 Cylinder, 2.0 Litre
Manual, Front Wheel Drive
Petrol - Premium ULP
8.9 L/100km


","$36,990*            ",Twin Spark,(No Series),Hatchback,5,Manual,Petrol - Premium ULP,2010
https://www.redbook.com.au/cars/details/2007-alfa-romeo-147-twin-spark-manual-my05/SPOT-ITM-205683/,2007 Alfa Romeo 147 Twin Spark Manual MY05,Alfa Romeo,147,"5 Door Hatch
4 Cylinder, 2.0 Litre
Manual, Front Wheel Drive
Petrol - Premium ULP
8.9 L/100km


","$37,490*            ",Twin Spark,(No Series),Hatchback,5,Manual,Petrol - Premium ULP,2007
https://www.redbook.com.au/cars/details/2008-alfa-romeo-147-twin-spark-manual-my05/SPOT-ITM-205690/,2008 Alfa Romeo 147 Twin Spark Manual MY05,Alfa Romeo,147,"5 Door Hatch
4 Cylinder, 2.0 Litre
Manual, Front Wheel Drive
Petrol - Premium ULP
8.9 L/100km


","$37,490*            ",Twin Spark,(No Series),Hatchback,5,Manual,Petrol - Premium ULP,2008
https://www.redbook.com.au/cars/details/2005-alfa-romeo-147-twin-spark-manual-my05/SPOT-ITM-205667/,2005 Alfa Romeo 147 Twin Spark Manual MY05,Alfa Romeo,147,"5 Door Hatch
4 Cylinder, 2.0 Litre
Manual, Front Wheel Drive
Petrol - Premium ULP
8.9 L/100km

","$37,490*            ",Twin Spark,(No Series),Hatchback,5,Manual,Petrol - Premium ULP,2005
https://www.redbook.com.au/cars/details/2006-alfa-romeo-147-twin-spark-manual-my05/SPOT-ITM-205672/,2006 Alfa Romeo 147 Twin Spark Manual MY05,Alfa Romeo,147,"5 Door Hatch
4 Cylinder, 2.0 Litre
Manual, Front Wheel Drive
Petrol - Premium ULP
8.9 L/100km

","$37,490*            ",Twin Spark,(No Series),Hatchback,5,Manual,Petrol - Premium ULP,2006
https://www.redbook.com.au/cars/details/2004-alfa-romeo-147-twin-spark-manual-my02/SPOT-ITM-205647/,2004 Alfa Romeo 147 Twin Spark Manual MY02,Alfa Romeo,147,"3 Door Hatch
4 Cylinder, 2.0 Litre
Manual, Front Wheel Drive
Petrol - Premium ULP
8.9 L/100km

","$38,500*            ",Twin Spark,Series 3,Hatchback,5,Manual,Petrol - Premium ULP,2004
https://www.redbook.com.au/cars/details/2005-alfa-romeo-147-twin-spark-manual-my02/SPOT-ITM-205655/,2005 Alfa Romeo 147 Twin Spark Manual MY02,Alfa Romeo,147,"3 Door Hatch
4 Cylinder, 2.0 Litre
Manual, Front Wheel Drive
Petrol - Premium ULP
8.9 L/100km


","$38,500*            ",Twin Spark,Series 3,Hatchback,5,Manual,Petrol - Premium ULP,2005
https://www.redbook.com.au/cars/details/2001-alfa-romeo-147-twin-spark-manual-my02/SPOT-ITM-205634/,2001 Alfa Romeo 147 Twin Spark Manual MY02,Alfa Romeo,147,"3 Door Hatch
4 Cylinder, 2.0 Litre
Manual, Front Wheel Drive
Petrol - Premium ULP
8.9 L/100km

","$38,500*            ",Twin Spark,Series 3,Hatchback,5,Manual,Petrol - Premium ULP,2001
https://www.redbook.com.au/cars/details/2001-alfa-romeo-147-twin-spark-manual-my02/SPOT-ITM-205632/,2001 Alfa Romeo 147 Twin Spark Manual MY02,Alfa Romeo,147,"5 Door Hatch
4 Cylinder, 2.0 Litre
Manual, Front Wheel Drive
Petrol - Premium ULP
8.9 L/100km

","$38,500*            ",Twin Spark,Series 3,Hatchback,5,Manual,Petrol - Premium ULP,2001
https://www.redbook.com.au/cars/details/2003-alfa-romeo-147-twin-spark-manual-my02/SPOT-ITM-205640/,2003 Alfa Romeo 147 Twin Spark Manual MY02,Alfa Romeo,147,"3 Door Hatch
4 Cylinder, 2.0 Litre
Manual, Front Wheel Drive
Petrol - Premium ULP
8.9 L/100km

","$38,500*            ",Twin Spark,Series 3,Hatchback,5,Manual,Petrol - Premium ULP,2003
https://www.redbook.com.au/cars/details/2002-alfa-romeo-147-twin-spark-manual-my02/SPOT-ITM-205639/,2002 Alfa Romeo 147 Twin Spark Manual MY02,Alfa Romeo,147,"5 Door Hatch
4 Cylinder, 2.0 Litre
Manual, Front Wheel Drive
Petrol - Premium ULP
8.9 L/100km

","$38,500*            ",Twin Spark,Series 3,Hatchback,5,Manual,Petrol - Premium ULP,2002
https://www.redbook.com.au/cars/details/2002-alfa-romeo-147-twin-spark-manual-my02/SPOT-ITM-205637/,2002 Alfa Romeo 147 Twin Spark Manual MY02,Alfa Romeo,147,"3 Door Hatch
4 Cylinder, 2.0 Litre
Manual, Front Wheel Drive
Petrol - Premium ULP
8.9 L/100km

","$38,500*            ",Twin Spark,Series 3,Hatchback,5,Manual,Petrol - Premium ULP,2002
https://www.redbook.com.au/cars/details/2003-alfa-romeo-147-twin-spark-manual-my02/SPOT-ITM-205642/,2003 Alfa Romeo 147 Twin Spark Manual MY02,Alfa Romeo,147,"5 Door Hatch
4 Cylinder, 2.0 Litre
Manual, Front Wheel Drive
Petrol - Premium ULP
8.9 L/100km

","$39,500*            ",Twin Spark,Series 3,Hatchback,5,Manual,Petrol - Premium ULP,2003
https://www.redbook.com.au/cars/details/2004-alfa-romeo-147-twin-spark-manual-my02/SPOT-ITM-205649/,2004 Alfa Romeo 147 Twin Spark Manual MY02,Alfa Romeo,147,"5 Door Hatch
4 Cylinder, 2.0 Litre
Manual, Front Wheel Drive
Petrol - Premium ULP
8.9 L/100km


","$39,500*            ",Twin Spark,Series 3,Hatchback,5,Manual,Petrol - Premium ULP,2004
https://www.redbook.com.au/cars/details/2005-alfa-romeo-147-twin-spark-manual-my02/SPOT-ITM-205659/,2005 Alfa Romeo 147 Twin Spark Manual MY02,Alfa Romeo,147,"5 Door Hatch
4 Cylinder, 2.0 Litre
Manual, Front Wheel Drive
Petrol - Premium ULP
8.9 L/100km


","$39,500*            ",Twin Spark,Series 3,Hatchback,5,Manual,Petrol - Premium ULP,2005
https://www.redbook.com.au/cars/details/2006-alfa-romeo-147-twin-spark-manual-my05/SPOT-ITM-205670/,2006 Alfa Romeo 147 Twin Spark Manual MY05,Alfa Romeo,147,"3 Door Hatch
4 Cylinder, 2.0 Litre
Manual, Front Wheel Drive
Petrol - Premium ULP
8.9 L/100km

","$35,990*            ",Twin Spark,Series 4,Hatchback,5,Manual,Petrol - Premium ULP,2006
https://www.redbook.com.au/cars/details/2007-alfa-romeo-147-twin-spark-manual-my05/SPOT-ITM-205679/,2007 Alfa Romeo 147 Twin Spark Manual MY05,Alfa Romeo,147,"3 Door Hatch
4 Cylinder, 2.0 Litre
Manual, Front Wheel Drive
Petrol - Premium ULP
8.9 L/100km


","$35,990*            ",Twin Spark,Series 4,Hatchback,5,Manual,Petrol - Premium ULP,2007
https://www.redbook.com.au/cars/details/2005-alfa-romeo-147-twin-spark-manual-my05/SPOT-ITM-205665/,2005 Alfa Romeo 147 Twin Spark Manual MY05,Alfa Romeo,147,"3 Door Hatch
4 Cylinder, 2.0 Litre
Manual, Front Wheel Drive
Petrol - Premium ULP
8.9 L/100km

","$35,990*            ",Twin Spark,Series 4,Hatchback,5,Manual,Petrol - Premium ULP,2005
https://www.redbook.com.au/cars/details/2008-alfa-romeo-147-twin-spark-manual-my05/SPOT-ITM-205686/,2008 Alfa Romeo 147 Twin Spark Manual MY05,Alfa Romeo,147,"3 Door Hatch
4 Cylinder, 2.0 Litre
Manual, Front Wheel Drive
Petrol - Premium ULP
8.9 L/100km


","$35,990*            ",Twin Spark,Series 4,Hatchback,5,Manual,Petrol - Premium ULP,2008
https://www.redbook.com.au/cars/details/2008-alfa-romeo-147-twin-spark-monza-manual-my05/SPOT-ITM-205693/,2008 Alfa Romeo 147 Twin Spark Monza Manual MY05,Alfa Romeo,147,"3 Door Hatch
4 Cylinder, 2.0 Litre
Manual, Front Wheel Drive
Petrol - Premium ULP
8.9 L/100km


","$36,990*            ",Twin Spark Monza,(No Series),Hatchback,5,Manual,Petrol - Premium ULP,2008
https://www.redbook.com.au/cars/details/2009-alfa-romeo-147-twin-spark-monza-manual-my05/SPOT-ITM-205699/,2009 Alfa Romeo 147 Twin Spark Monza Manual MY05,Alfa Romeo,147,"3 Door Hatch
4 Cylinder, 2.0 Litre
Manual, Front Wheel Drive
Petrol - Premium ULP
8.9 L/100km


","$37,990*            ",Twin Spark Monza,(No Series),Hatchback,5,Manual,Petrol - Premium ULP,2009
https://www.redbook.com.au/cars/details/2008-alfa-romeo-147-twin-spark-monza-manual-my05/SPOT-ITM-205695/,2008 Alfa Romeo 147 Twin Spark Monza Manual MY05,Alfa Romeo,147,"5 Door Hatch
4 Cylinder, 2.0 Litre
Manual, Front Wheel Drive
Petrol - Premium ULP
8.9 L/100km


","$38,990*            ",Twin Spark Monza,(No Series),Hatchback,5,Manual,Petrol - Premium ULP,2008
https://www.redbook.com.au/cars/details/2009-alfa-romeo-147-twin-spark-monza-manual-my05/SPOT-ITM-205701/,2009 Alfa Romeo 147 Twin Spark Monza Manual MY05,Alfa Romeo,147,"5 Door Hatch
4 Cylinder, 2.0 Litre
Manual, Front Wheel Drive
Petrol - Premium ULP
8.9 L/100km


","$39,990*            ",Twin Spark Monza,(No Series),Hatchback,5,Manual,Petrol - Premium ULP,2009
https://www.redbook.com.au/cars/details/2003-alfa-romeo-156-gta-manual/SPOT-ITM-205757/,2003 Alfa Romeo 156 GTA Manual,Alfa Romeo,156,"4 Door Sedan
6 Cylinder, 3.2 Litre
Manual, Front Wheel Drive
Petrol - Premium ULP
","$89,950*            ",GTA,(No Series),Sedan,5,Manual,Petrol - Premium ULP,2003
https://www.redbook.com.au/cars/details/2002-alfa-romeo-156-gta-manual/SPOT-ITM-205752/,2002 Alfa Romeo 156 GTA Manual,Alfa Romeo,156,"4 Door Sedan
6 Cylinder, 3.2 Litre
Manual, Front Wheel Drive
Petrol - Premium ULP
","$89,950*            ",GTA,(No Series),Sedan,5,Manual,Petrol - Premium ULP,2002
https://www.redbook.com.au/cars/details/2006-alfa-romeo-156-jts-manual-my04/SPOT-ITM-205782/,2006 Alfa Romeo 156 JTS Manual MY04,Alfa Romeo,156,"4 Door Sedan
4 Cylinder, 2.0 Litre
Manual, Front Wheel Drive
Petrol - Premium ULP
8.6 L/100km
","$44,990*            ",JTS,(No Series),Sedan,5,Manual,Petrol - Premium ULP,2006
https://www.redbook.com.au/cars/details/2005-alfa-romeo-156-jts-manual-my04/SPOT-ITM-205774/,2005 Alfa Romeo 156 JTS Manual MY04,Alfa Romeo,156,"4 Door Sedan
4 Cylinder, 2.0 Litre
Manual, Front Wheel Drive
Petrol - Premium ULP
8.6 L/100km
","$44,990*            ",JTS,(No Series),Sedan,5,Manual,Petrol - Premium ULP,2005
https://www.redbook.com.au/cars/details/2006-alfa-romeo-156-jts-manual-my04/SPOT-ITM-205786/,2006 Alfa Romeo 156 JTS Manual MY04,Alfa Romeo,156,"5 Door Wagon
4 Cylinder, 2.0 Litre
Manual, Front Wheel Drive
Petrol - Premium ULP
8.9 L/100km
","$48,490*            ",JTS,(No Series),Wagon,5,Manual,Petrol - Premium ULP,2006
https://www.redbook.com.au/cars/details/2005-alfa-romeo-156-jts-manual-my04/SPOT-ITM-205778/,2005 Alfa Romeo 156 JTS Manual MY04,Alfa Romeo,156,"5 Door Wagon
4 Cylinder, 2.0 Litre
Manual, Front Wheel Drive
Petrol - Premium ULP
8.9 L/100km
","$48,490*            ",JTS,(No Series),Wagon,5,Manual,Petrol - Premium ULP,2005
https://www.redbook.com.au/cars/details/2003-alfa-romeo-156-jts-manual/SPOT-ITM-205753/,2003 Alfa Romeo 156 JTS Manual,Alfa Romeo,156,"4 Door Sedan
4 Cylinder, 2.0 Litre
Manual, Front Wheel Drive
Petrol - Premium ULP
","$49,950*            ",JTS,(No Series),Sedan,5,Manual,Petrol - Premium ULP,2003
https://www.redbook.com.au/cars/details/2002-alfa-romeo-156-jts-manual/SPOT-ITM-205748/,2002 Alfa Romeo 156 JTS Manual,Alfa Romeo,156,"4 Door Sedan
4 Cylinder, 2.0 Litre
Manual, Front Wheel Drive
Petrol - Premium ULP
","$49,950*            ",JTS,(No Series),Sedan,5,Manual,Petrol - Premium ULP,2002
https://www.redbook.com.au/cars/details/2003-alfa-romeo-156-jts-manual-my04/SPOT-ITM-205760/,2003 Alfa Romeo 156 JTS Manual MY04,Alfa Romeo,156,"4 Door Sedan
4 Cylinder, 2.0 Litre
Manual, Front Wheel Drive
Petrol - Premium ULP
","$49,950*            ",JTS,(No Series),Sedan,5,Manual,Petrol - Premium ULP,2003
https://www.redbook.com.au/cars/details/2004-alfa-romeo-156-jts-manual-my04/SPOT-ITM-205766/,2004 Alfa Romeo 156 JTS Manual MY04,Alfa Romeo,156,"4 Door Sedan
4 Cylinder, 2.0 Litre
Manual, Front Wheel Drive
Petrol - Premium ULP
8.6 L/100km
","$49,950*            ",JTS,(No Series),Sedan,5,Manual,Petrol - Premium ULP,2004
https://www.redbook.com.au/cars/details/2003-alfa-romeo-156-jts-manual-my04/SPOT-ITM-205764/,2003 Alfa Romeo 156 JTS Manual MY04,Alfa Romeo,156,"5 Door Wagon
4 Cylinder, 2.0 Litre
Manual, Front Wheel Drive
Petrol - Premium ULP
8.9 L/100km
","$53,500*            ",JTS,(No Series),Wagon,5,Manual,Petrol - Premium ULP,2003
https://www.redbook.com.au/cars/details/2004-alfa-romeo-156-jts-manual-my04/SPOT-ITM-205770/,2004 Alfa Romeo 156 JTS Manual MY04,Alfa Romeo,156,"5 Door Wagon
4 Cylinder, 2.0 Litre
Manual, Front Wheel Drive
Petrol - Premium ULP
8.9 L/100km
","$53,500*            ",JTS,(No Series),Wagon,5,Manual,Petrol - Premium ULP,2004
https://www.redbook.com.au/cars/details/2003-alfa-romeo-156-jts-manual/SPOT-ITM-205758/,2003 Alfa Romeo 156 JTS Manual,Alfa Romeo,156,"5 Door Wagon
4 Cylinder, 2.0 Litre
Manual, Front Wheel Drive
Petrol - Premium ULP
","$53,500*            ",JTS,(No Series),Wagon,5,Manual,Petrol - Premium ULP,2003
https://www.redbook.com.au/cars/details/2006-alfa-romeo-156-jts-selespeed-auto-my04/SPOT-ITM-205783/,2006 Alfa Romeo 156 JTS Selespeed Auto MY04,Alfa Romeo,156,"4 Door Sedan
4 Cylinder, 2.0 Litre
Seq. Manual Auto-Single Clutch, Front Wheel Drive
Petrol - Premium ULP
8.6 L/100km
","$47,990*            ",JTS Selespeed,(No Series),Sedan,5,Seq. Manual Auto-Single Clutch,Petrol - Premium ULP,2006
